Workbook

Sheet Fase1_Estudo Palavras
A1: ANALISANDO VIABILIDADE DE PALAVRA-CHAVE E ESTIMANDO ORÇAMENTO
A2: Palavra Chave | B2: Buscas Mês | C2: CPC Médio | D2: Relação com a Solução | E2: Relação de Intencionalidade | F2: RELAÇÃO SITE/PALAVRA CHAVE
A3: Etiquetas Personalizadas | B3: 10K - 100K | C3: 2.27 | D3: Relação Direta (intenção de compra) | E3: Intencionalidade Exclusiva | F3: 100% Alinhado e Exclusivo
A4: etiquetas personalizadas para roupa | B4: 1K - 10K | C4: 1.55 | D4: Relação Direta (intenção de compra) | E4: Intencionalidade Exclusiva | F4: 100% Alinhado e Exclusivo
A5: etiqueta roupa personalizada | B5: 1K - 10K | C5: 1.61 | D5: Relação Direta (intenção de compra) | E5: Intencionalidade Exclusiva | F5: 100% Alinhado e Exclusivo
A6: etiqueta personalizada para roupas | B6: 1K - 10K | C6: 1.6 | D6: Relação Próxima (maioria quer comprar) | E6: 70% de Intencionalidade | F6: 100% Alinhado e Exclusivo
A7: fábrica de etiquetas | B7: 100 – 1 mil | C7: 4.3
A8: etiquetas bordadas | B8: 100 – 1 mil | C8: 1.49
A9: etiqueta termocolante personalizada | B9: 100 – 1 mil | C9: 2.3
A10: etiquetas redondas personalizadas | B10: 100 – 1 mil | C10: 1.7
A11: etiquetas bordadas personalizadas | B11: 100 – 1 mil | C11: 1.4
A12: fabrica de etiquetas para roupas | B12: 100 – 1 mil | C12: 1.7
A13: etiquetas para personalizar | B13: 100 – 1 mil | C13: 1.6
A14: etiquetas bordadas para roupas | B14: 100 – 1 mil | C14: 1
A15: etiquetas para artesanato | B15: 100 – 1 mil | C15: 0.8
A16: etiqueta tecida | B16: 100 – 1 mil | C16: 1.62
A17: etiqueta de tecido para roupas | B17: 100 – 1 mil | C17: 1.27
A18: etiqueta de tecidos | B18: 100 – 1 mil | C18: 1.48
... A20: etiquetas tecidas personalizadas | B20: 100 – 1 mil | C20: 1.54
A21: fábrica de bordado
A22: confecção de etiquetas para roupas
A23: confecção etiquetas roupas
A24: fornecedor de etiquetas
A25: camisas bordadas para empresas
A26: etiqueta alta definição
A27: etiqueta bordada alta definição
A28: etiquetas bordadas alta definição
A29: patches personalizados
A30: patch bordado personalizado
A31: patch termocolante personalizado
A32: patches bordados personalizados
... A73: Relação de DOR ou de INFORMAÇÃO + 50% de intencionalidade

Sheet Fase2_Palavras Negativas
A1: Palavras Negativas
A2: etiqueta cetim sublimação
A3: etiqueta de cetim para roupa
A4: etiquetas escolares personalizadas
A5: etiqueta escolar
A6: etiquetas adesivas personalizadas
A7: tag personalizada
A8: adesivos escolares
A9: etiquetas personalizadas para imprimir
A10: adegraf etiquetas
A11: etiqueta termocolante personalizada
A12: adesivo vinil personalizado
... A52: patches emborrachados

Sheet Fase3_Agrupamentos
A1: DEFININDO CAMPANHAS E GRUPOS
A2: Palavra Chave | B2: Solução | C2: Interesse
A3: ='Fase1_Estudo Palavras'!A3 -> Etiquetas Personalizadas | B3: Solução 1 | C3: Interesse 1
A4: ='Fase1_Estudo Palavras'!A4 -> etiquetas personalizadas para roupa | B4: Solução 1 | C4: Interesse 1 | E4: REGRA DE CAMPANHAS E GRUPOS
A5: ='Fase1_Estudo Palavras'!A5 -> etiqueta roupa personalizada | B5: Solução 2 | C5: Interesse 1 | E5: Cada solução, uma campanha
A6: ='Fase1_Estudo Palavras'!A6 -> etiqueta personalizada para roupas | B6: Solução 1 | C6: Interesse 2 | E6: Cada interesse, da mesma solução, um grupo de anúncio
A7: ='Fase1_Estudo Palavras'!A7 -> fábrica de etiquetas
A8: ='Fase1_Estudo Palavras'!A8 -> etiquetas bordadas
A9: ='Fase1_Estudo Palavras'!A9 -> etiqueta termocolante personalizada | E9: REGRA DE QUANTIDADE DE PÁGINAS
A10: ='Fase1_Estudo Palavras'!A10 -> etiquetas redondas personalizadas | E10: Cada solução, um site
A11: ='Fase1_Estudo Palavras'!A11 -> etiquetas bordadas personalizadas | E11: Cada interesse, da mesma solução, um site se tiver ao menos uns 200 cliques mês
A12: ='Fase1_Estudo Palavras'!A12 -> fabrica de etiquetas para roupas
A13: ='Fase1_Estudo Palavras'!A13 -> etiquetas para personalizar
A14: ='Fase1_Estudo Palavras'!A14 -> etiquetas bordadas para roupas
A15: ='Fase1_Estudo Palavras'!A15 -> etiquetas para artesanato
A16: ='Fase1_Estudo Palavras'!A16 -> etiqueta tecida
A17: ='Fase1_Estudo Palavras'!A17 -> etiqueta de tecido para roupas
A18: ='Fase1_Estudo Palavras'!A18 -> etiqueta de tecidos

Sheet Fase4_Estimativa de Resultados
A1: Estimando Resultado da Campanha
A2: Palavra Chave | B2: Buscas Mês | C2: CPC Médio | D2: Custo do Tráfego | E2: Estim. Impressões | F2: Estim. CTR | G2: Custo Real Tráfego | H2: Estim. Conv. | I2: Estim. Vendas
A3: ='Fase1_Estudo Palavras'!A3 -> Etiquetas Personalizadas | B3: ='Fase1_Estudo Palavras'!B3 -> 10K - 100K | C3: ='Fase1_Estudo Palavras'!C3 -> 2.27 | D3: =IF(C3="","",B3*C3) -> #VALUE! | E3: 0.5 | F3: 0.1 | G3: =IF(F3="","",B3*E3*F3*C3) -> #VALUE! | H3: 0.1 | I3: =IF(H3="","",B3*E3*F3*H3) -> #VALUE!
A4: ='Fase1_Estudo Palavras'!A4 -> etiquetas personalizadas para roupa | B4: ='Fase1_Estudo Palavras'!B4 -> 1K - 10K | C4: ='Fase1_Estudo Palavras'!C4 -> 1.55 | D4: =IF(C4="","",B4*C4) -> #VALUE! | E4: 0.5 | F4: 0.1 | G4: =IF(F4="","",B4*E4*F4*C4) -> #VALUE! | H4: 0.1 | I4: =IF(H4="","",B4*E4*F4*H4) -> #VALUE!
A5: ='Fase1_Estudo Palavras'!A5 -> etiqueta roupa personalizada | B5: ='Fase1_Estudo Palavras'!B5 -> 1K - 10K | C5: ='Fase1_Estudo Palavras'!C5 -> 1.61 | D5: =IF(C5="","",B5*C5) -> #VALUE! | E5: 0.5 | F5: 0.1 | G5: =IF(F5="","",B5*E5*F5*C5) -> #VALUE! | H5: 0.1 | I5: =IF(H5="","",B5*E5*F5*H5) -> #VALUE!
A6: ='Fase1_Estudo Palavras'!A6 -> etiqueta personalizada para roupas | B6: ='Fase1_Estudo Palavras'!B6 -> 1K - 10K | C6: ='Fase1_Estudo Palavras'!C6 -> 1.6 | D6: =IF(C6="","",B6*C6) -> #VALUE! | E6: 0.5 | F6: 0.1 | G6: =IF(F6="","",B6*E6*F6*C6) -> #VALUE! | H6: 0.1 | I6: =IF(H6="","",B6*E6*F6*H6) -> #VALUE!
A7: ='Fase1_Estudo Palavras'!A7 -> fábrica de etiquetas | B7: ='Fase1_Estudo Palavras'!B7 -> 100 – 1 mil | C7: ='Fase1_Estudo Palavras'!C7 -> 4.3 | D7: =IF(C7="","",B7*C7) -> #VALUE! | G7: =IF(F7="","",B7*E7*F7*C7) | I7: =IF(H7="","",B7*E7*F7*H7)
A8: ='Fase1_Estudo Palavras'!A8 -> etiquetas bordadas | B8: ='Fase1_Estudo Palavras'!B8 -> 100 – 1 mil | C8: ='Fase1_Estudo Palavras'!C8 -> 1.49 | D8: =IF(C8="","",B8*C8) -> #VALUE! | G8: =IF(F8="","",B8*E8*F8*C8) | I8: =IF(H8="","",B8*E8*F8*H8)
A9: ='Fase1_Estudo Palavras'!A9 -> etiqueta termocolante personalizada | B9: ='Fase1_Estudo Palavras'!B9 -> 100 – 1 mil | C9: ='Fase1_Estudo Palavras'!C9 -> 2.3 | D9: =IF(C9="","",B9*C9) -> #VALUE! | G9: =IF(F9="","",B9*E9*F9*C9) | I9: =IF(H9="","",B9*E9*F9*H9)
A10: ='Fase1_Estudo Palavras'!A10 -> etiquetas redondas personalizadas | B10: ='Fase1_Estudo Palavras'!B10 -> 100 – 1 mil | C10: ='Fase1_Estudo Palavras'!C10 -> 1.7 | D10: =IF(C10="","",B10*C10) -> #VALUE! | G10: =IF(F10="","",B10*E10*F10*C10) | I10: =IF(H10="","",B10*E10*F10*H10)
A11: ='Fase1_Estudo Palavras'!A11 -> etiquetas bordadas personalizadas | B11: ='Fase1_Estudo Palavras'!B11 -> 100 – 1 mil | C11: ='Fase1_Estudo Palavras'!C11 -> 1.4 | D11: =IF(C11="","",B11*C11) -> #VALUE!
G12: Total | I12: Total
G13: =SUM(G2:G10) -> #VALUE! | I13: =SUM(I2:I10) -> #VALUE! | J13: =I13*K13 -> #VALUE! | K13: 0.2
J14: =I13*K14 -> #VALUE! | K14: 0.3
J15: =I13*K15 -> #VALUE! | K15: 0.4
B16: REGRAS PARA ESCOLHER QUANTIDADE DE PALAVRAS
B17: 10 cliques/dia | C17: 1 a 3 (Mesma Solução e Interesse)
B18: 20 cliques/dia | C18: 1 a 3 (Mesma Solução e Interesse ou 2 Interesses)
B19: 30 a 50 cliques/dia | C19: até 2 soluções e 2 interesses
B20: 50 a 100 cliques | C20: até 3 soluções e 2 interesses cada
B22: LEMBRE-SE
B23: Quanto mais puder deixar uma verba disponível para uma única campanha/palavra, mais forte ela será.
